{
  "config": {
    "model": "meta-llama/Llama-3.2-1B",
    "task1": "scienceqa",
    "task2": "fomc",
    "batch_size": 1,
    "num_epochs": 10,
    "lora_r": 2,
    "lora_alpha": 4
  },
  "accuracy_after_task1": {
    "scienceqa_accuracy": 0.64,
    "fomc_accuracy": 0.315
  },
  "accuracy_after_task2": {
    "scienceqa_accuracy": 0.455,
    "fomc_accuracy": 0.66
  },
  "forgetting_metrics": {
    "task1_acc_before": 0.64,
    "task1_acc_after": 0.455,
    "task2_acc_after": 0.66,
    "absolute_forgetting": 0.185,
    "relative_forgetting_pct": 28.90625,
    "backward_transfer": -0.185,
    "avg_accuracy": 0.5575
  },
  "landscape_task1_after_task1": {
    "lambda_max_lora": 98.5180435180664,
    "eigenvalues_lora": [
      98.5180435180664,
      0.0,
      0.0,
      0.0,
      0.0,
      0.0,
      0.0,
      0.0,
      0.0,
      0.0,
      0.0,
      0.0,
      0.0,
      0.0,
      0.0,
      0.0,
      0.0,
      0.0,
      0.0,
      0.0
    ],
    "lora_param_norm": 17.876035690307617,
    "lora_displacement": 0.0,
    "lora_dimension": 1409024,
    "forgetting_bound": null
  },
  "landscape_task1_after_task2": {
    "lambda_max_lora": 1769.9111328125,
    "eigenvalues_lora": [
      1769.9111328125,
      0.0,
      0.0,
      0.0,
      0.0,
      0.0,
      0.0,
      0.0,
      0.0,
      0.0,
      0.0,
      0.0,
      0.0,
      0.0,
      0.0,
      0.0,
      0.0,
      0.0,
      0.0,
      0.0
    ],
    "lora_param_norm": 24.580167770385742,
    "lora_displacement": 16.98874282836914,
    "lora_dimension": 1409024,
    "forgetting_bound": 255413.5595487501
  },
  "landscape_task2_after_task1": {
    "lambda_max_lora": 1048.0633544921875,
    "eigenvalues_lora": [
      1048.0633544921875,
      0.0,
      0.0,
      0.0,
      0.0,
      0.0,
      0.0,
      0.0,
      0.0,
      0.0,
      0.0,
      0.0,
      0.0,
      0.0,
      0.0,
      0.0,
      0.0,
      0.0,
      0.0,
      0.0
    ],
    "lora_param_norm": 17.876035690307617,
    "lora_displacement": 0.0,
    "lora_dimension": 1409024,
    "forgetting_bound": null
  },
  "landscape_task2_after_task2": {
    "lambda_max_lora": 249.03173828125,
    "eigenvalues_lora": [
      249.03173828125,
      0.0,
      0.0,
      0.0,
      0.0,
      0.0,
      0.0,
      0.0,
      0.0,
      0.0,
      0.0,
      0.0,
      0.0,
      0.0,
      0.0,
      0.0,
      0.0,
      0.0,
      0.0,
      0.0
    ],
    "lora_param_norm": 24.580167770385742,
    "lora_displacement": 16.98874282836914,
    "lora_dimension": 1409024,
    "forgetting_bound": 35937.444279449635
  }
}