{
  "config": {
    "model": "meta-llama/Llama-3.2-1B",
    "task1": "scienceqa",
    "task2": "fomc",
    "batch_size": 1,
    "num_epochs": 10,
    "lora_r": 2,
    "lora_alpha": 4
  },
  "accuracy_after_task1": {
    "scienceqa_accuracy": 0.655,
    "fomc_accuracy": 0.28
  },
  "accuracy_after_task2": {
    "scienceqa_accuracy": 0.515,
    "fomc_accuracy": 0.71
  },
  "forgetting_metrics": {
    "task1_acc_before": 0.655,
    "task1_acc_after": 0.515,
    "task2_acc_after": 0.71,
    "absolute_forgetting": 0.14,
    "relative_forgetting_pct": 21.37404580152672,
    "backward_transfer": -0.14,
    "avg_accuracy": 0.6125
  },
  "landscape_task1_after_task1": {
    "lambda_max_lora": 160.8146209716797,
    "eigenvalues_lora": [
      160.8146209716797,
      0.0,
      0.0,
      0.0,
      0.0,
      0.0,
      0.0,
      0.0,
      0.0,
      0.0,
      0.0,
      0.0,
      0.0,
      0.0,
      0.0,
      0.0,
      0.0,
      0.0,
      0.0,
      0.0
    ],
    "lora_param_norm": 17.937744140625,
    "lora_displacement": 0.0,
    "lora_dimension": 1409024,
    "forgetting_bound": null
  },
  "landscape_task1_after_task2": {
    "lambda_max_lora": 580.3757934570312,
    "eigenvalues_lora": [
      580.3757934570312,
      0.0,
      0.0,
      0.0,
      0.0,
      0.0,
      0.0,
      0.0,
      0.0,
      0.0,
      0.0,
      0.0,
      0.0,
      0.0,
      0.0,
      0.0,
      0.0,
      0.0,
      0.0,
      0.0
    ],
    "lora_param_norm": 24.613773345947266,
    "lora_displacement": 17.02768898010254,
    "lora_dimension": 1409024,
    "forgetting_bound": 84137.71487023661
  },
  "landscape_task2_after_task1": {
    "lambda_max_lora": 639.414306640625,
    "eigenvalues_lora": [
      639.414306640625,
      0.0,
      0.0,
      0.0,
      0.0,
      0.0,
      0.0,
      0.0,
      0.0,
      0.0,
      0.0,
      0.0,
      0.0,
      0.0,
      0.0,
      0.0,
      0.0,
      0.0,
      0.0,
      0.0
    ],
    "lora_param_norm": 17.937744140625,
    "lora_displacement": 0.0,
    "lora_dimension": 1409024,
    "forgetting_bound": null
  },
  "landscape_task2_after_task2": {
    "lambda_max_lora": 283.3284606933594,
    "eigenvalues_lora": [
      283.3284606933594,
      0.0,
      0.0,
      0.0,
      0.0,
      0.0,
      0.0,
      0.0,
      0.0,
      0.0,
      0.0,
      0.0,
      0.0,
      0.0,
      0.0,
      0.0,
      0.0,
      0.0,
      0.0,
      0.0
    ],
    "lora_param_norm": 24.613773345947266,
    "lora_displacement": 17.02768898010254,
    "lora_dimension": 1409024,
    "forgetting_bound": 41074.437475149156
  }
}