{
  "config": {
    "model": "meta-llama/Llama-3.2-1B",
    "task1": "scienceqa",
    "task2": "fomc",
    "batch_size": 1,
    "num_epochs": 10,
    "lora_r": 2,
    "lora_alpha": 4
  },
  "accuracy_after_task1": {
    "scienceqa_accuracy": 0.61,
    "fomc_accuracy": 0.27
  },
  "accuracy_after_task2": {
    "scienceqa_accuracy": 0.62,
    "fomc_accuracy": 0.74
  },
  "forgetting_metrics": {
    "task1_acc_before": 0.61,
    "task1_acc_after": 0.62,
    "task2_acc_after": 0.74,
    "absolute_forgetting": -0.010000000000000009,
    "relative_forgetting_pct": -1.6393442622950833,
    "backward_transfer": 0.010000000000000009,
    "avg_accuracy": 0.6799999999999999
  },
  "landscape_task1_after_task1": {
    "lambda_max_lora": 110.75347137451172,
    "eigenvalues_lora": [
      110.75347137451172,
      0.0,
      0.0,
      0.0,
      0.0,
      0.0,
      0.0,
      0.0,
      0.0,
      0.0,
      0.0,
      0.0,
      0.0,
      0.0,
      0.0,
      0.0,
      0.0,
      0.0,
      0.0,
      0.0
    ],
    "lora_param_norm": 17.95327377319336,
    "lora_displacement": 0.0,
    "lora_dimension": 1409024,
    "forgetting_bound": null
  },
  "landscape_task1_after_task2": {
    "lambda_max_lora": 539.2891845703125,
    "eigenvalues_lora": [
      539.2891845703125,
      0.0,
      0.0,
      0.0,
      0.0,
      0.0,
      0.0,
      0.0,
      0.0,
      0.0,
      0.0,
      0.0,
      0.0,
      0.0,
      0.0,
      0.0,
      0.0,
      0.0,
      0.0,
      0.0
    ],
    "lora_param_norm": 24.64557647705078,
    "lora_displacement": 16.98440933227539,
    "lora_dimension": 1409024,
    "forgetting_bound": 77784.41877840013
  },
  "landscape_task2_after_task1": {
    "lambda_max_lora": 781.0263671875,
    "eigenvalues_lora": [
      781.0263671875,
      0.0,
      0.0,
      0.0,
      0.0,
      0.0,
      0.0,
      0.0,
      0.0,
      0.0,
      0.0,
      0.0,
      0.0,
      0.0,
      0.0,
      0.0,
      0.0,
      0.0,
      0.0,
      0.0
    ],
    "lora_param_norm": 17.95327377319336,
    "lora_displacement": 0.0,
    "lora_dimension": 1409024,
    "forgetting_bound": null
  },
  "landscape_task2_after_task2": {
    "lambda_max_lora": 226.87811279296875,
    "eigenvalues_lora": [
      226.87811279296875,
      0.0,
      0.0,
      0.0,
      0.0,
      0.0,
      0.0,
      0.0,
      0.0,
      0.0,
      0.0,
      0.0,
      0.0,
      0.0,
      0.0,
      0.0,
      0.0,
      0.0,
      0.0,
      0.0
    ],
    "lora_param_norm": 24.64557647705078,
    "lora_displacement": 16.98440933227539,
    "lora_dimension": 1409024,
    "forgetting_bound": 32723.78279049371
  }
}