{
  "config": {
    "model": "meta-llama/Llama-3.2-1B",
    "task1": "scienceqa",
    "task2": "fomc",
    "batch_size": 1,
    "num_epochs": 10,
    "lora_r": 2,
    "lora_alpha": 4
  },
  "accuracy_after_task1": {
    "scienceqa_accuracy": 0.625,
    "fomc_accuracy": 0.245
  },
  "accuracy_after_task2": {
    "scienceqa_accuracy": 0.57,
    "fomc_accuracy": 0.675
  },
  "forgetting_metrics": {
    "task1_acc_before": 0.625,
    "task1_acc_after": 0.57,
    "task2_acc_after": 0.675,
    "absolute_forgetting": 0.05500000000000005,
    "relative_forgetting_pct": 8.800000000000008,
    "backward_transfer": -0.05500000000000005,
    "avg_accuracy": 0.6225
  },
  "landscape_task1_after_task1": {
    "lambda_max_lora": 100.5257797241211,
    "eigenvalues_lora": [
      100.5257797241211,
      0.0,
      0.0,
      0.0,
      0.0,
      0.0,
      0.0,
      0.0,
      0.0,
      0.0,
      0.0,
      0.0,
      0.0,
      0.0,
      0.0,
      0.0,
      0.0,
      0.0,
      0.0,
      0.0
    ],
    "lora_param_norm": 17.854900360107422,
    "lora_displacement": 0.0,
    "lora_dimension": 1409024,
    "forgetting_bound": null
  },
  "landscape_task1_after_task2": {
    "lambda_max_lora": 958.44140625,
    "eigenvalues_lora": [
      958.44140625,
      0.0,
      0.0,
      0.0,
      0.0,
      0.0,
      0.0,
      0.0,
      0.0,
      0.0,
      0.0,
      0.0,
      0.0,
      0.0,
      0.0,
      0.0,
      0.0,
      0.0,
      0.0,
      0.0
    ],
    "lora_param_norm": 24.57706642150879,
    "lora_displacement": 17.001760482788086,
    "lora_dimension": 1409024,
    "forgetting_bound": 138523.46912155813
  },
  "landscape_task2_after_task1": {
    "lambda_max_lora": 973.416015625,
    "eigenvalues_lora": [
      973.416015625,
      0.0,
      0.0,
      0.0,
      0.0,
      0.0,
      0.0,
      0.0,
      0.0,
      0.0,
      0.0,
      0.0,
      0.0,
      0.0,
      0.0,
      0.0,
      0.0,
      0.0,
      0.0,
      0.0
    ],
    "lora_param_norm": 17.854900360107422,
    "lora_displacement": 0.0,
    "lora_dimension": 1409024,
    "forgetting_bound": null
  },
  "landscape_task2_after_task2": {
    "lambda_max_lora": 355.7496643066406,
    "eigenvalues_lora": [
      355.7496643066406,
      0.0,
      0.0,
      0.0,
      0.0,
      0.0,
      0.0,
      0.0,
      0.0,
      0.0,
      0.0,
      0.0,
      0.0,
      0.0,
      0.0,
      0.0,
      0.0,
      0.0,
      0.0,
      0.0
    ],
    "lora_param_norm": 24.57706642150879,
    "lora_displacement": 17.001760482788086,
    "lora_dimension": 1409024,
    "forgetting_bound": 51416.47399333192
  }
}