{
  "config": {
    "model": "meta-llama/Llama-3.2-1B",
    "task1": "scienceqa",
    "task2": "fomc",
    "batch_size": 1,
    "num_epochs": 10,
    "lora_r": 2,
    "lora_alpha": 4
  },
  "accuracy_after_task1": {
    "scienceqa_accuracy": 0.675,
    "fomc_accuracy": 0.355
  },
  "accuracy_after_task2": {
    "scienceqa_accuracy": 0.615,
    "fomc_accuracy": 0.705
  },
  "forgetting_metrics": {
    "task1_acc_before": 0.675,
    "task1_acc_after": 0.615,
    "task2_acc_after": 0.705,
    "absolute_forgetting": 0.06000000000000005,
    "relative_forgetting_pct": 8.888888888888896,
    "backward_transfer": -0.06000000000000005,
    "avg_accuracy": 0.6599999999999999
  },
  "landscape_task1_after_task1": {
    "lambda_max_lora": 197.7442169189453,
    "eigenvalues_lora": [
      197.7442169189453,
      0.0,
      0.0,
      0.0,
      0.0,
      0.0,
      0.0,
      0.0,
      0.0,
      0.0,
      0.0,
      0.0,
      0.0,
      0.0,
      0.0,
      0.0,
      0.0,
      0.0,
      0.0,
      0.0
    ],
    "lora_param_norm": 17.88785171508789,
    "lora_displacement": 0.0,
    "lora_dimension": 1409024,
    "forgetting_bound": null
  },
  "landscape_task1_after_task2": {
    "lambda_max_lora": 983.8214721679688,
    "eigenvalues_lora": [
      983.8214721679688,
      0.0,
      0.0,
      0.0,
      0.0,
      0.0,
      0.0,
      0.0,
      0.0,
      0.0,
      0.0,
      0.0,
      0.0,
      0.0,
      0.0,
      0.0,
      0.0,
      0.0,
      0.0,
      0.0
    ],
    "lora_param_norm": 24.634748458862305,
    "lora_displacement": 17.079139709472656,
    "lora_dimension": 1409024,
    "forgetting_bound": 143488.8924844277
  },
  "landscape_task2_after_task1": {
    "lambda_max_lora": 673.588623046875,
    "eigenvalues_lora": [
      673.588623046875,
      0.0,
      0.0,
      0.0,
      0.0,
      0.0,
      0.0,
      0.0,
      0.0,
      0.0,
      0.0,
      0.0,
      0.0,
      0.0,
      0.0,
      0.0,
      0.0,
      0.0,
      0.0,
      0.0
    ],
    "lora_param_norm": 17.88785171508789,
    "lora_displacement": 0.0,
    "lora_dimension": 1409024,
    "forgetting_bound": null
  },
  "landscape_task2_after_task2": {
    "lambda_max_lora": 236.1694793701172,
    "eigenvalues_lora": [
      236.1694793701172,
      0.0,
      0.0,
      0.0,
      0.0,
      0.0,
      0.0,
      0.0,
      0.0,
      0.0,
      0.0,
      0.0,
      0.0,
      0.0,
      0.0,
      0.0,
      0.0,
      0.0,
      0.0,
      0.0
    ],
    "lora_param_norm": 24.634748458862305,
    "lora_displacement": 17.079139709472656,
    "lora_dimension": 1409024,
    "forgetting_bound": 34444.96587248334
  }
}