{
  "config": {
    "model": "meta-llama/Llama-3.2-1B",
    "task1": "scienceqa",
    "task2": "fomc",
    "batch_size": 1,
    "num_epochs": 10,
    "lora_r": 2,
    "lora_alpha": 4
  },
  "accuracy_after_task1": {
    "scienceqa_accuracy": 0.615,
    "fomc_accuracy": 0.26
  },
  "accuracy_after_task2": {
    "scienceqa_accuracy": 0.6,
    "fomc_accuracy": 0.665
  },
  "forgetting_metrics": {
    "task1_acc_before": 0.615,
    "task1_acc_after": 0.6,
    "task2_acc_after": 0.665,
    "absolute_forgetting": 0.015000000000000013,
    "relative_forgetting_pct": 2.4390243902439046,
    "backward_transfer": -0.015000000000000013,
    "avg_accuracy": 0.6325000000000001
  },
  "landscape_task1_after_task1": {
    "lambda_max_lora": 148.5966339111328,
    "eigenvalues_lora": [
      148.5966339111328,
      0.0,
      0.0,
      0.0,
      0.0,
      0.0,
      0.0,
      0.0,
      0.0,
      0.0,
      0.0,
      0.0,
      0.0,
      0.0,
      0.0,
      0.0,
      0.0,
      0.0,
      0.0,
      0.0
    ],
    "lora_param_norm": 17.824769973754883,
    "lora_displacement": 0.0,
    "lora_dimension": 1409024,
    "forgetting_bound": null
  },
  "landscape_task1_after_task2": {
    "lambda_max_lora": 754.4646606445312,
    "eigenvalues_lora": [
      754.4646606445312,
      0.0,
      0.0,
      0.0,
      0.0,
      0.0,
      0.0,
      0.0,
      0.0,
      0.0,
      0.0,
      0.0,
      0.0,
      0.0,
      0.0,
      0.0,
      0.0,
      0.0,
      0.0,
      0.0
    ],
    "lora_param_norm": 24.643465042114258,
    "lora_displacement": 17.118162155151367,
    "lora_dimension": 1409024,
    "forgetting_bound": 110540.94638706447
  },
  "landscape_task2_after_task1": {
    "lambda_max_lora": 872.3099975585938,
    "eigenvalues_lora": [
      872.3099975585938,
      0.0,
      0.0,
      0.0,
      0.0,
      0.0,
      0.0,
      0.0,
      0.0,
      0.0,
      0.0,
      0.0,
      0.0,
      0.0,
      0.0,
      0.0,
      0.0,
      0.0,
      0.0,
      0.0
    ],
    "lora_param_norm": 17.824769973754883,
    "lora_displacement": 0.0,
    "lora_dimension": 1409024,
    "forgetting_bound": null
  },
  "landscape_task2_after_task2": {
    "lambda_max_lora": 180.2245635986328,
    "eigenvalues_lora": [
      180.2245635986328,
      0.0,
      0.0,
      0.0,
      0.0,
      0.0,
      0.0,
      0.0,
      0.0,
      0.0,
      0.0,
      0.0,
      0.0,
      0.0,
      0.0,
      0.0,
      0.0,
      0.0,
      0.0,
      0.0
    ],
    "lora_param_norm": 24.643465042114258,
    "lora_displacement": 17.118162155151367,
    "lora_dimension": 1409024,
    "forgetting_bound": 26405.734902638433
  }
}