{
  "config": {
    "model": "meta-llama/Llama-3.2-1B",
    "task1": "scienceqa",
    "task2": "fomc",
    "batch_size": 1,
    "num_epochs": 10,
    "lora_r": 2,
    "lora_alpha": 4
  },
  "accuracy_after_task1": {
    "scienceqa_accuracy": 0.56,
    "fomc_accuracy": 0.28
  },
  "accuracy_after_task2": {
    "scienceqa_accuracy": 0.58,
    "fomc_accuracy": 0.7
  },
  "forgetting_metrics": {
    "task1_acc_before": 0.56,
    "task1_acc_after": 0.58,
    "task2_acc_after": 0.7,
    "absolute_forgetting": -0.019999999999999907,
    "relative_forgetting_pct": -3.5714285714285547,
    "backward_transfer": 0.019999999999999907,
    "avg_accuracy": 0.6399999999999999
  },
  "landscape_task1_after_task1": {
    "lambda_max_lora": 371.9106750488281,
    "eigenvalues_lora": [
      371.9106750488281,
      0.0,
      0.0,
      0.0,
      0.0,
      0.0,
      0.0,
      0.0,
      0.0,
      0.0,
      0.0,
      0.0,
      0.0,
      0.0,
      0.0,
      0.0,
      0.0,
      0.0,
      0.0,
      0.0
    ],
    "lora_param_norm": 13.898919105529785,
    "lora_displacement": 0.0,
    "lora_dimension": 1409024,
    "forgetting_bound": null
  },
  "landscape_task1_after_task2": {
    "lambda_max_lora": 1014.74560546875,
    "eigenvalues_lora": [
      1014.74560546875,
      0.0,
      0.0,
      0.0,
      0.0,
      0.0,
      0.0,
      0.0,
      0.0,
      0.0,
      0.0,
      0.0,
      0.0,
      0.0,
      0.0,
      0.0,
      0.0,
      0.0,
      0.0,
      0.0
    ],
    "lora_param_norm": 17.954999923706055,
    "lora_displacement": 11.104795455932617,
    "lora_dimension": 1409024,
    "forgetting_bound": 62567.429155604696
  },
  "landscape_task2_after_task1": {
    "lambda_max_lora": 330.8777160644531,
    "eigenvalues_lora": [
      330.8777160644531,
      0.0,
      0.0,
      0.0,
      0.0,
      0.0,
      0.0,
      0.0,
      0.0,
      0.0,
      0.0,
      0.0,
      0.0,
      0.0,
      0.0,
      0.0,
      0.0,
      0.0,
      0.0,
      0.0
    ],
    "lora_param_norm": 13.898919105529785,
    "lora_displacement": 0.0,
    "lora_dimension": 1409024,
    "forgetting_bound": null
  },
  "landscape_task2_after_task2": {
    "lambda_max_lora": 258.9366760253906,
    "eigenvalues_lora": [
      258.9366760253906,
      0.0,
      0.0,
      0.0,
      0.0,
      0.0,
      0.0,
      0.0,
      0.0,
      0.0,
      0.0,
      0.0,
      0.0,
      0.0,
      0.0,
      0.0,
      0.0,
      0.0,
      0.0,
      0.0
    ],
    "lora_param_norm": 17.954999923706055,
    "lora_displacement": 11.104795455932617,
    "lora_dimension": 1409024,
    "forgetting_bound": 15965.579989402888
  }
}