{
  "config": {
    "model": "meta-llama/Llama-3.2-1B",
    "task1": "scienceqa",
    "task2": "fomc",
    "batch_size": 1,
    "num_epochs": 10,
    "lora_r": 2,
    "lora_alpha": 4
  },
  "accuracy_after_task1": {
    "scienceqa_accuracy": 0.63,
    "fomc_accuracy": 0.255
  },
  "accuracy_after_task2": {
    "scienceqa_accuracy": 0.6,
    "fomc_accuracy": 0.665
  },
  "forgetting_metrics": {
    "task1_acc_before": 0.63,
    "task1_acc_after": 0.6,
    "task2_acc_after": 0.665,
    "absolute_forgetting": 0.030000000000000027,
    "relative_forgetting_pct": 4.761904761904765,
    "backward_transfer": -0.030000000000000027,
    "avg_accuracy": 0.6325000000000001
  },
  "landscape_task1_after_task1": {
    "lambda_max_lora": 123.12088012695312,
    "eigenvalues_lora": [
      123.12088012695312,
      0.0,
      0.0,
      0.0,
      0.0,
      0.0,
      0.0,
      0.0,
      0.0,
      0.0,
      0.0,
      0.0,
      0.0,
      0.0,
      0.0,
      0.0,
      0.0,
      0.0,
      0.0,
      0.0
    ],
    "lora_param_norm": 17.78092384338379,
    "lora_displacement": 0.0,
    "lora_dimension": 1409024,
    "forgetting_bound": null
  },
  "landscape_task1_after_task2": {
    "lambda_max_lora": 634.8362426757812,
    "eigenvalues_lora": [
      634.8362426757812,
      0.0,
      0.0,
      0.0,
      0.0,
      0.0,
      0.0,
      0.0,
      0.0,
      0.0,
      0.0,
      0.0,
      0.0,
      0.0,
      0.0,
      0.0,
      0.0,
      0.0,
      0.0,
      0.0
    ],
    "lora_param_norm": 24.5155086517334,
    "lora_displacement": 16.982196807861328,
    "lora_dimension": 1409024,
    "forgetting_bound": 91541.80177619848
  },
  "landscape_task2_after_task1": {
    "lambda_max_lora": 507.7261047363281,
    "eigenvalues_lora": [
      507.7261047363281,
      0.0,
      0.0,
      0.0,
      0.0,
      0.0,
      0.0,
      0.0,
      0.0,
      0.0,
      0.0,
      0.0,
      0.0,
      0.0,
      0.0,
      0.0,
      0.0,
      0.0,
      0.0,
      0.0
    ],
    "lora_param_norm": 17.78092384338379,
    "lora_displacement": 0.0,
    "lora_dimension": 1409024,
    "forgetting_bound": null
  },
  "landscape_task2_after_task2": {
    "lambda_max_lora": 144.17210388183594,
    "eigenvalues_lora": [
      144.17210388183594,
      0.0,
      0.0,
      0.0,
      0.0,
      0.0,
      0.0,
      0.0,
      0.0,
      0.0,
      0.0,
      0.0,
      0.0,
      0.0,
      0.0,
      0.0,
      0.0,
      0.0,
      0.0,
      0.0
    ],
    "lora_param_norm": 24.5155086517334,
    "lora_displacement": 16.982196807861328,
    "lora_dimension": 1409024,
    "forgetting_bound": 20789.25755653303
  }
}