{
  "config": {
    "model": "meta-llama/Llama-3.2-1B",
    "task1": "scienceqa",
    "task2": "fomc",
    "batch_size": 1,
    "num_epochs": 10,
    "lora_r": 2,
    "lora_alpha": 4
  },
  "accuracy_after_task1": {
    "scienceqa_accuracy": 0.65,
    "fomc_accuracy": 0.23
  },
  "accuracy_after_task2": {
    "scienceqa_accuracy": 0.535,
    "fomc_accuracy": 0.715
  },
  "forgetting_metrics": {
    "task1_acc_before": 0.65,
    "task1_acc_after": 0.535,
    "task2_acc_after": 0.715,
    "absolute_forgetting": 0.11499999999999999,
    "relative_forgetting_pct": 17.69230769230769,
    "backward_transfer": -0.11499999999999999,
    "avg_accuracy": 0.625
  },
  "landscape_task1_after_task1": {
    "lambda_max_lora": 135.2030792236328,
    "eigenvalues_lora": [
      135.2030792236328,
      0.0,
      0.0,
      0.0,
      0.0,
      0.0,
      0.0,
      0.0,
      0.0,
      0.0,
      0.0,
      0.0,
      0.0,
      0.0,
      0.0,
      0.0,
      0.0,
      0.0,
      0.0,
      0.0
    ],
    "lora_param_norm": 17.89735984802246,
    "lora_displacement": 0.0,
    "lora_dimension": 1409024,
    "forgetting_bound": null
  },
  "landscape_task1_after_task2": {
    "lambda_max_lora": 452.9541931152344,
    "eigenvalues_lora": [
      452.9541931152344,
      0.0,
      0.0,
      0.0,
      0.0,
      0.0,
      0.0,
      0.0,
      0.0,
      0.0,
      0.0,
      0.0,
      0.0,
      0.0,
      0.0,
      0.0,
      0.0,
      0.0,
      0.0,
      0.0
    ],
    "lora_param_norm": 24.680757522583008,
    "lora_displacement": 17.13617515563965,
    "lora_dimension": 1409024,
    "forgetting_bound": 66504.65945404164
  },
  "landscape_task2_after_task1": {
    "lambda_max_lora": 985.1979370117188,
    "eigenvalues_lora": [
      985.1979370117188,
      0.0,
      0.0,
      0.0,
      0.0,
      0.0,
      0.0,
      0.0,
      0.0,
      0.0,
      0.0,
      0.0,
      0.0,
      0.0,
      0.0,
      0.0,
      0.0,
      0.0,
      0.0,
      0.0
    ],
    "lora_param_norm": 17.89735984802246,
    "lora_displacement": 0.0,
    "lora_dimension": 1409024,
    "forgetting_bound": null
  },
  "landscape_task2_after_task2": {
    "lambda_max_lora": 196.5526885986328,
    "eigenvalues_lora": [
      196.5526885986328,
      0.0,
      0.0,
      0.0,
      0.0,
      0.0,
      0.0,
      0.0,
      0.0,
      0.0,
      0.0,
      0.0,
      0.0,
      0.0,
      0.0,
      0.0,
      0.0,
      0.0,
      0.0,
      0.0
    ],
    "lora_param_norm": 24.680757522583008,
    "lora_displacement": 17.13617515563965,
    "lora_dimension": 1409024,
    "forgetting_bound": 28858.70098723836
  }
}