{
  "config": {
    "model": "meta-llama/Llama-3.2-1B",
    "task1": "scienceqa",
    "task2": "fomc",
    "batch_size": 1,
    "num_epochs": 10,
    "lora_r": 2,
    "lora_alpha": 4
  },
  "accuracy_after_task1": {
    "scienceqa_accuracy": 0.6,
    "fomc_accuracy": 0.235
  },
  "accuracy_after_task2": {
    "scienceqa_accuracy": 0.55,
    "fomc_accuracy": 0.64
  },
  "forgetting_metrics": {
    "task1_acc_before": 0.6,
    "task1_acc_after": 0.55,
    "task2_acc_after": 0.64,
    "absolute_forgetting": 0.04999999999999993,
    "relative_forgetting_pct": 8.333333333333323,
    "backward_transfer": -0.04999999999999993,
    "avg_accuracy": 0.595
  },
  "landscape_task1_after_task1": {
    "lambda_max_lora": 253.9881591796875,
    "eigenvalues_lora": [
      253.9881591796875,
      0.0,
      0.0,
      0.0,
      0.0,
      0.0,
      0.0,
      0.0,
      0.0,
      0.0,
      0.0,
      0.0,
      0.0,
      0.0,
      0.0,
      0.0,
      0.0,
      0.0,
      0.0,
      0.0
    ],
    "lora_param_norm": 17.91158103942871,
    "lora_displacement": 0.0,
    "lora_dimension": 1409024,
    "forgetting_bound": null
  },
  "landscape_task1_after_task2": {
    "lambda_max_lora": 1367.072265625,
    "eigenvalues_lora": [
      1367.072265625,
      0.0,
      0.0,
      0.0,
      0.0,
      0.0,
      0.0,
      0.0,
      0.0,
      0.0,
      0.0,
      0.0,
      0.0,
      0.0,
      0.0,
      0.0,
      0.0,
      0.0,
      0.0,
      0.0
    ],
    "lora_param_norm": 24.673479080200195,
    "lora_displacement": 17.057292938232422,
    "lora_dimension": 1409024,
    "forgetting_bound": 198875.68705387803
  },
  "landscape_task2_after_task1": {
    "lambda_max_lora": 416.2057189941406,
    "eigenvalues_lora": [
      416.2057189941406,
      0.0,
      0.0,
      0.0,
      0.0,
      0.0,
      0.0,
      0.0,
      0.0,
      0.0,
      0.0,
      0.0,
      0.0,
      0.0,
      0.0,
      0.0,
      0.0,
      0.0,
      0.0,
      0.0
    ],
    "lora_param_norm": 17.91158103942871,
    "lora_displacement": 0.0,
    "lora_dimension": 1409024,
    "forgetting_bound": null
  },
  "landscape_task2_after_task2": {
    "lambda_max_lora": 277.617431640625,
    "eigenvalues_lora": [
      277.617431640625,
      0.0,
      0.0,
      0.0,
      0.0,
      0.0,
      0.0,
      0.0,
      0.0,
      0.0,
      0.0,
      0.0,
      0.0,
      0.0,
      0.0,
      0.0,
      0.0,
      0.0,
      0.0,
      0.0
    ],
    "lora_param_norm": 24.673479080200195,
    "lora_displacement": 17.057292938232422,
    "lora_dimension": 1409024,
    "forgetting_bound": 40386.56832118579
  }
}